{
    "test_auc": 0.8121775835697238,
    "test_ap": 0.8284574743077475,
    "encoder": "gcn",
    "epochs": 100
}