{
    "test_auc": 0.8121706500215707,
    "test_ap": 0.8284534518780093,
    "encoder": "gcn",
    "epochs": 100
}